{"cameraMode":{"drawMode":0,"name":"Shaded","section":"Shading Mode"},"sceneLighting":true,"audioPlay":false,"sceneViewState":{"m_AlwaysRefresh":false,"showFog":true,"showSkybox":true,"showFlares":true,"showImageEffects":true,"showParticleSystems":true,"showVisualEffectGraphs":true,"m_FxEnabled":true},"in2DMode":false,"pivot":{"x":1.2007676362991334,"y":0.23638367652893067,"z":-2.874847173690796},"rotation":{"x":-0.11262252926826477,"y":0.7767227292060852,"z":-0.14520259201526643,"w":-0.6024428009986877},"size":2.5151891708374025,"orthographic":false}